Sub,word,count,freq,word_ID_full
progressive,ability,6,5.691519635742744e-4,NA
progressive,abolish,3,2.845759817871372e-4,NA
progressive,abortion,8,7.588692847656991e-4,NA
progressive,absentee,12,0.0011383039271485487,NA
progressive,absolute,6,5.691519635742744e-4,NA
progressive,absolutely,7,6.640106241699867e-4,NA
progressive,accept,6,5.691519635742744e-4,NA
progressive,account,8,7.588692847656991e-4,NA
progressive,ace,5,4.742933029785619e-4,NA
progressive,acebook,4,3.7943464238284955e-4,NA
progressive,acial,5,4.742933029785619e-4,NA
progressive,acism,6,5.691519635742744e-4,NA
progressive,acknowledge,6,5.691519635742744e-4,NA
progressive,act,5,4.742933029785619e-4,NA
progressive,action,9,8.537279453614115e-4,NA
progressive,actions,9,8.537279453614115e-4,NA
progressive,active,5,4.742933029785619e-4,NA
progressive,actively,7,6.640106241699867e-4,NA
progressive,activists,5,4.742933029785619e-4,NA
progressive,actual,10,9.485866059571238e-4,NA
progressive,ad,5,4.742933029785619e-4,NA
progressive,added,7,6.640106241699867e-4,NA
progressive,additional,8,7.588692847656991e-4,NA
progressive,address,9,8.537279453614115e-4,NA
progressive,administration,11,0.0010434452665528363,NA
progressive,admit,6,5.691519635742744e-4,NA
progressive,advance,5,4.742933029785619e-4,NA
progressive,advantage,5,4.742933029785619e-4,NA
progressive,affected,9,8.537279453614115e-4,NA
progressive,affordable,5,4.742933029785619e-4,NA
progressive,age,7,6.640106241699867e-4,NA
progressive,agencies,8,7.588692847656991e-4,NA
progressive,agenda,6,5.691519635742744e-4,NA
progressive,ago,14,0.0013280212483399733,NA
progressive,agree,18,0.001707455890722823,NA
progressive,agrees,7,6.640106241699867e-4,NA
progressive,aid,5,4.742933029785619e-4,NA
progressive,air,11,0.0010434452665528363,NA
progressive,ake,8,7.588692847656991e-4,NA
progressive,alifornia,14,0.0013280212483399733,NA
progressive,allot,5,4.742933029785619e-4,NA
progressive,allowed,9,8.537279453614115e-4,NA
progressive,allowing,4,3.7943464238284955e-4,NA
progressive,amendment,7,6.640106241699867e-4,NA
progressive,amount,9,8.537279453614115e-4,NA
progressive,angry,5,4.742933029785619e-4,NA
progressive,answer,7,6.640106241699867e-4,NA
progressive,antacid,8,7.588692847656991e-4,NA
progressive,aphael,7,6.640106241699867e-4,NA
progressive,apitol,10,9.485866059571238e-4,NA
progressive,appeals,5,4.742933029785619e-4,NA
progressive,applicant,6,5.691519635742744e-4,NA
progressive,applies,6,5.691519635742744e-4,NA
progressive,appoint,5,4.742933029785619e-4,NA
progressive,arent,11,0.0010434452665528363,NA
progressive,argue,5,4.742933029785619e-4,NA
progressive,argument,12,0.0011383039271485487,NA
progressive,arguments,13,0.0012331625877442611,NA
progressive,ark,6,5.691519635742744e-4,NA
progressive,arly,5,4.742933029785619e-4,NA
progressive,armed,8,7.588692847656991e-4,NA
progressive,arnock,5,4.742933029785619e-4,NA
progressive,arolina,5,4.742933029785619e-4,NA
progressive,arren,4,3.7943464238284955e-4,NA
progressive,arrested,7,6.640106241699867e-4,NA
progressive,arris,5,4.742933029785619e-4,NA
progressive,arth,7,6.640106241699867e-4,NA
progressive,article,8,7.588692847656991e-4,NA
progressive,arty,6,5.691519635742744e-4,NA
progressive,ashington,6,5.691519635742744e-4,NA
progressive,aspect,4,3.7943464238284955e-4,NA
progressive,ass,4,3.7943464238284955e-4,NA
progressive,asshole,7,6.640106241699867e-4,NA
progressive,assholes,7,6.640106241699867e-4,NA
progressive,assume,5,4.742933029785619e-4,NA
progressive,ast,6,5.691519635742744e-4,NA
progressive,ational,5,4.742933029785619e-4,NA
progressive,attempt,5,4.742933029785619e-4,NA
progressive,attention,12,0.0011383039271485487,NA
progressive,atter,6,5.691519635742744e-4,NA
progressive,authority,5,4.742933029785619e-4,NA
progressive,average,5,4.742933029785619e-4,NA
progressive,avid,5,4.742933029785619e-4,NA
progressive,avoid,10,9.485866059571238e-4,NA
progressive,ay,6,5.691519635742744e-4,NA
progressive,aybe,9,8.537279453614115e-4,NA
progressive,baby,12,0.0011383039271485487,NA
progressive,background,7,6.640106241699867e-4,NA
progressive,bad,16,0.0015177385695313982,NA
progressive,balance,6,5.691519635742744e-4,NA
progressive,ballot,34,0.0032251944602542213,NA
progressive,ballots,5,4.742933029785619e-4,NA
progressive,bama,28,0.0026560424966799467,NA
progressive,ban,6,5.691519635742744e-4,NA
progressive,banking,5,4.742933029785619e-4,NA
progressive,base,8,7.588692847656991e-4,NA
progressive,based,21,0.00199203187250996,NA
progressive,basic,7,6.640106241699867e-4,NA
progressive,basis,6,5.691519635742744e-4,NA
progressive,begin,7,6.640106241699867e-4,NA
progressive,beginning,5,4.742933029785619e-4,NA
progressive,behavior,7,6.640106241699867e-4,NA
progressive,beliefs,10,9.485866059571238e-4,NA
progressive,benefit,10,9.485866059571238e-4,NA
progressive,biased,6,5.691519635742744e-4,NA
progressive,biggest,6,5.691519635742744e-4,NA
progressive,bill,13,0.0012331625877442611,NA
progressive,bit,10,9.485866059571238e-4,NA
progressive,black,41,0.003889205084424208,NA
progressive,blood,6,5.691519635742744e-4,NA
progressive,blue,8,7.588692847656991e-4,NA
progressive,body,5,4.742933029785619e-4,NA
progressive,book,8,7.588692847656991e-4,NA
progressive,books,3,2.845759817871372e-4,NA
progressive,born,7,6.640106241699867e-4,NA
progressive,box,6,5.691519635742744e-4,NA
progressive,brain,10,9.485866059571238e-4,NA
progressive,brams,6,5.691519635742744e-4,NA
progressive,break,13,0.0012331625877442611,NA
progressive,bring,16,0.0015177385695313982,NA
progressive,bringing,5,4.742933029785619e-4,NA
progressive,broad,5,4.742933029785619e-4,NA
progressive,brought,11,0.0010434452665528363,NA
progressive,brutality,20,0.0018971732119142477,NA
progressive,building,10,9.485866059571238e-4,NA
progressive,burning,5,4.742933029785619e-4,NA
progressive,business,7,6.640106241699867e-4,NA
progressive,businesses,6,5.691519635742744e-4,NA
progressive,bviously,5,4.742933029785619e-4,NA
progressive,call,17,0.0016125972301271106,NA
progressive,called,11,0.0010434452665528363,NA
progressive,calling,8,7.588692847656991e-4,NA
progressive,calls,8,7.588692847656991e-4,NA
progressive,calm,6,5.691519635742744e-4,NA
progressive,campaign,16,0.0015177385695313982,NA
progressive,campaigns,6,5.691519635742744e-4,NA
progressive,candidate,11,0.0010434452665528363,NA
progressive,candidates,19,0.0018023145513185355,NA
progressive,care,25,0.00237146651489281,NA
progressive,cares,4,3.7943464238284955e-4,NA
progressive,chance,9,8.537279453614115e-4,NA
progressive,change,38,0.003604629102637071,NA
progressive,changed,7,6.640106241699867e-4,NA
progressive,charter,6,5.691519635742744e-4,NA
progressive,check,14,0.0013280212483399733,NA
progressive,checks,5,4.742933029785619e-4,NA
progressive,child,6,5.691519635742744e-4,NA
progressive,children,13,0.0012331625877442611,NA
progressive,choice,8,7.588692847656991e-4,NA
progressive,choices,4,3.7943464238284955e-4,NA
progressive,choose,7,6.640106241699867e-4,NA
progressive,chose,7,6.640106241699867e-4,NA
progressive,circuit,12,0.0011383039271485487,NA
progressive,cities,11,0.0010434452665528363,NA
progressive,citizen,6,5.691519635742744e-4,NA
progressive,citizens,17,0.0016125972301271106,NA
progressive,city,8,7.588692847656991e-4,NA
progressive,civil,9,8.537279453614115e-4,NA
progressive,claim,5,4.742933029785619e-4,NA
progressive,claimed,4,3.7943464238284955e-4,NA
progressive,claiming,4,3.7943464238284955e-4,NA
progressive,claims,6,5.691519635742744e-4,NA
progressive,class,19,0.0018023145513185355,NA
progressive,clean,6,5.691519635742744e-4,NA
progressive,climate,8,7.588692847656991e-4,NA
progressive,close,6,5.691519635742744e-4,NA
progressive,code,2,1.8971732119142478e-4,NA
progressive,collect,5,4.742933029785619e-4,NA
progressive,college,10,9.485866059571238e-4,NA
progressive,colleges,6,5.691519635742744e-4,NA
progressive,color,5,4.742933029785619e-4,NA
progressive,coming,9,8.537279453614115e-4,NA
progressive,comments,7,6.640106241699867e-4,NA
progressive,common,10,9.485866059571238e-4,NA
progressive,communities,7,6.640106241699867e-4,NA
progressive,community,27,0.0025611838360842347,NA
progressive,companies,12,0.0011383039271485487,NA
progressive,compared,6,5.691519635742744e-4,NA
progressive,complete,7,6.640106241699867e-4,NA
progressive,completely,9,8.537279453614115e-4,NA
progressive,conditions,7,6.640106241699867e-4,NA
progressive,connections,15,0.0014228799089356858,NA
progressive,conservative,17,0.0016125972301271106,NA
progressive,conservatives,14,0.0013280212483399733,NA
progressive,constantly,6,5.691519635742744e-4,NA
progressive,contact,5,4.742933029785619e-4,NA
progressive,continue,9,8.537279453614115e-4,NA
progressive,continuing,6,5.691519635742744e-4,NA
progressive,contribute,5,4.742933029785619e-4,NA
progressive,control,14,0.0013280212483399733,NA
progressive,controlling,5,4.742933029785619e-4,NA
progressive,conversation,13,0.0012331625877442611,NA
progressive,convince,9,8.537279453614115e-4,NA
progressive,cool,4,3.7943464238284955e-4,NA
progressive,corruption,7,6.640106241699867e-4,NA
progressive,cost,11,0.0010434452665528363,NA
progressive,costs,6,5.691519635742744e-4,NA
progressive,couldnt,4,3.7943464238284955e-4,NA
progressive,council,5,4.742933029785619e-4,NA
progressive,countries,14,0.0013280212483399733,NA
progressive,country,44,0.004173781066211345,NA
progressive,county,7,6.640106241699867e-4,NA
progressive,court,24,0.0022766078542970974,NA
progressive,courts,15,0.0014228799089356858,NA
progressive,covered,7,6.640106241699867e-4,NA
progressive,covid,8,7.588692847656991e-4,NA
progressive,create,15,0.0014228799089356858,NA
progressive,creating,12,0.0011383039271485487,NA
progressive,critical,10,9.485866059571238e-4,NA
progressive,criticism,5,4.742933029785619e-4,NA
progressive,ctober,6,5.691519635742744e-4,NA
progressive,culture,5,4.742933029785619e-4,NA
progressive,curious,7,6.640106241699867e-4,NA
progressive,current,20,0.0018971732119142477,NA
progressive,curriculum,6,5.691519635742744e-4,NA
progressive,dad,5,4.742933029785619e-4,NA
progressive,damn,6,5.691519635742744e-4,NA
progressive,dangerous,5,4.742933029785619e-4,NA
progressive,dark,7,6.640106241699867e-4,NA
progressive,data,11,0.0010434452665528363,NA
progressive,day,32,0.0030354771390627964,NA
progressive,days,13,0.0012331625877442611,NA
progressive,dead,4,3.7943464238284955e-4,NA
progressive,deal,10,9.485866059571238e-4,NA
progressive,death,10,9.485866059571238e-4,NA
progressive,debate,14,0.0013280212483399733,NA
progressive,decided,8,7.588692847656991e-4,NA
progressive,decision,9,8.537279453614115e-4,NA
progressive,decisions,7,6.640106241699867e-4,NA
progressive,deep,10,9.485866059571238e-4,NA
progressive,dehumanizing,7,6.640106241699867e-4,NA
progressive,deleted,1,9.485866059571239e-5,NA
progressive,democracy,14,0.0013280212483399733,NA
progressive,democratic,9,8.537279453614115e-4,NA
progressive,democrats,10,9.485866059571238e-4,NA
progressive,denied,3,2.845759817871372e-4,NA
progressive,deserve,5,4.742933029785619e-4,NA
progressive,designed,6,5.691519635742744e-4,NA
progressive,destruction,5,4.742933029785619e-4,NA
progressive,details,6,5.691519635742744e-4,NA
progressive,determine,5,4.742933029785619e-4,NA
progressive,determined,7,6.640106241699867e-4,NA
progressive,die,3,2.845759817871372e-4,NA
progressive,difference,13,0.0012331625877442611,NA
progressive,difficult,5,4.742933029785619e-4,NA
progressive,directly,6,5.691519635742744e-4,NA
progressive,discord,8,7.588692847656991e-4,NA
progressive,discuss,9,8.537279453614115e-4,NA
progressive,discussion,12,0.0011383039271485487,NA
progressive,doesnt,37,0.0035097704420413585,NA
progressive,dog,5,4.742933029785619e-4,NA
progressive,dont,113,0.0107190286473155,NA
progressive,drop,4,3.7943464238284955e-4,NA
progressive,drugs,8,7.588692847656991e-4,NA
progressive,due,12,0.0011383039271485487,NA
progressive,easily,5,4.742933029785619e-4,NA
progressive,easy,9,8.537279453614115e-4,NA
progressive,ecause,12,0.0011383039271485487,NA
progressive,economic,21,0.00199203187250996,NA
progressive,economy,11,0.0010434452665528363,NA
progressive,eddit,5,4.742933029785619e-4,NA
progressive,edicare,6,5.691519635742744e-4,NA
progressive,education,29,0.002750901157275659,NA
progressive,ee,8,7.588692847656991e-4,NA
progressive,eep,5,4.742933029785619e-4,NA
progressive,efense,5,4.742933029785619e-4,NA
progressive,effect,8,7.588692847656991e-4,NA
progressive,effective,13,0.0012331625877442611,NA
progressive,effectively,7,6.640106241699867e-4,NA
progressive,effects,5,4.742933029785619e-4,NA
progressive,efties,8,7.588692847656991e-4,NA
progressive,elected,9,8.537279453614115e-4,NA
progressive,election,54,0.005122367672168469,NA
progressive,elections,19,0.0018023145513185355,NA
progressive,electoral,6,5.691519635742744e-4,NA
progressive,ell,4,3.7943464238284955e-4,NA
progressive,ello,5,4.742933029785619e-4,NA
progressive,email,5,4.742933029785619e-4,NA
progressive,eminist,6,5.691519635742744e-4,NA
progressive,emocracy,6,5.691519635742744e-4,NA
progressive,emocratic,18,0.001707455890722823,NA
progressive,emocrats,12,0.0011383039271485487,NA
progressive,empty,5,4.742933029785619e-4,NA
progressive,ems,6,5.691519635742744e-4,NA
progressive,en,7,6.640106241699867e-4,NA
progressive,enate,21,0.00199203187250996,NA
progressive,encourage,8,7.588692847656991e-4,NA
progressive,eneral,4,3.7943464238284955e-4,NA
progressive,energy,5,4.742933029785619e-4,NA
progressive,enforcement,8,7.588692847656991e-4,NA
progressive,engagement,6,5.691519635742744e-4,NA
progressive,ennsylvania,5,4.742933029785619e-4,NA
progressive,ensure,5,4.742933029785619e-4,NA
progressive,entire,7,6.640106241699867e-4,NA
progressive,eople,8,7.588692847656991e-4,NA
progressive,eorgia,23,0.002181749193701385,NA
progressive,ep,5,4.742933029785619e-4,NA
progressive,epublican,13,0.0012331625877442611,NA
progressive,epublicans,18,0.001707455890722823,NA
progressive,equal,5,4.742933029785619e-4,NA
progressive,equally,5,4.742933029785619e-4,NA
progressive,er,10,9.485866059571238e-4,NA
progressive,ere,8,7.588692847656991e-4,NA
progressive,eres,5,4.742933029785619e-4,NA
progressive,ernie,10,9.485866059571238e-4,NA
progressive,es,10,9.485866059571238e-4,NA
progressive,ethnic,5,4.742933029785619e-4,NA
progressive,ets,5,4.742933029785619e-4,NA
progressive,etwork,5,4.742933029785619e-4,NA
progressive,event,5,4.742933029785619e-4,NA
progressive,events,9,8.537279453614115e-4,NA
progressive,eventually,5,4.742933029785619e-4,NA
progressive,evidence,14,0.0013280212483399733,NA
progressive,ew,17,0.0016125972301271106,NA
progressive,examples,6,5.691519635742744e-4,NA
progressive,exas,6,5.691519635742744e-4,NA
progressive,exist,5,4.742933029785619e-4,NA
progressive,experience,8,7.588692847656991e-4,NA
progressive,experts,8,7.588692847656991e-4,NA
progressive,extreme,10,9.485866059571238e-4,NA
progressive,extremely,7,6.640106241699867e-4,NA
progressive,ey,6,5.691519635742744e-4,NA
progressive,eyes,9,8.537279453614115e-4,NA
progressive,failed,9,8.537279453614115e-4,NA
progressive,fair,9,8.537279453614115e-4,NA
progressive,faith,6,5.691519635742744e-4,NA
progressive,fall,10,9.485866059571238e-4,NA
progressive,false,7,6.640106241699867e-4,NA
progressive,families,7,6.640106241699867e-4,NA
progressive,family,21,0.00199203187250996,NA
progressive,favor,5,4.742933029785619e-4,NA
progressive,fear,7,6.640106241699867e-4,NA
progressive,federal,21,0.00199203187250996,NA
progressive,feel,53,0.005027509011572757,NA
progressive,feeling,10,9.485866059571238e-4,NA
progressive,feels,7,6.640106241699867e-4,NA
progressive,fellow,5,4.742933029785619e-4,NA
progressive,fight,19,0.0018023145513185355,NA
progressive,fighting,7,6.640106241699867e-4,NA
progressive,fill,9,8.537279453614115e-4,NA
progressive,finally,4,3.7943464238284955e-4,NA
progressive,financial,8,7.588692847656991e-4,NA
progressive,finite,5,4.742933029785619e-4,NA
progressive,fire,7,6.640106241699867e-4,NA
progressive,firearms,7,6.640106241699867e-4,NA
progressive,fired,7,6.640106241699867e-4,NA
progressive,fix,8,7.588692847656991e-4,NA
progressive,flag,5,4.742933029785619e-4,NA
progressive,focus,9,8.537279453614115e-4,NA
progressive,folks,6,5.691519635742744e-4,NA
progressive,follow,11,0.0010434452665528363,NA
progressive,food,7,6.640106241699867e-4,NA
progressive,force,10,9.485866059571238e-4,NA
progressive,forces,6,5.691519635742744e-4,NA
progressive,foreign,4,3.7943464238284955e-4,NA
progressive,form,7,6.640106241699867e-4,NA
progressive,forms,6,5.691519635742744e-4,NA
progressive,forward,9,8.537279453614115e-4,NA
progressive,found,26,0.0024663251754885223,NA
progressive,fraud,6,5.691519635742744e-4,NA
progressive,free,22,0.0020868905331056726,NA
progressive,freedom,13,0.0012331625877442611,NA
progressive,frican,9,8.537279453614115e-4,NA
progressive,friends,12,0.0011383039271485487,NA
progressive,fuck,5,4.742933029785619e-4,NA
progressive,fucking,6,5.691519635742744e-4,NA
progressive,fund,6,5.691519635742744e-4,NA
progressive,funding,7,6.640106241699867e-4,NA
progressive,future,17,0.0016125972301271106,NA
progressive,gain,6,5.691519635742744e-4,NA
progressive,gap,6,5.691519635742744e-4,NA
progressive,gas,27,0.0025611838360842347,NA
progressive,giving,9,8.537279453614115e-4,NA
progressive,goal,10,9.485866059571238e-4,NA
progressive,gonna,9,8.537279453614115e-4,NA
progressive,government,32,0.0030354771390627964,NA
progressive,governments,5,4.742933029785619e-4,NA
progressive,ground,5,4.742933029785619e-4,NA
progressive,guess,6,5.691519635742744e-4,NA
progressive,guilty,5,4.742933029785619e-4,NA
progressive,gun,10,9.485866059571238e-4,NA
progressive,guy,3,2.845759817871372e-4,NA
progressive,guys,14,0.0013280212483399733,NA
progressive,half,11,0.0010434452665528363,NA
progressive,hank,2,1.8971732119142478e-4,NA
progressive,hanks,5,4.742933029785619e-4,NA
progressive,happen,14,0.0013280212483399733,NA
progressive,happened,8,7.588692847656991e-4,NA
progressive,happy,5,4.742933029785619e-4,NA
progressive,hard,10,9.485866059571238e-4,NA
progressive,harder,7,6.640106241699867e-4,NA
progressive,hat,57,0.005406943653955606,NA
progressive,hate,13,0.0012331625877442611,NA
progressive,hating,5,4.742933029785619e-4,NA
progressive,hats,12,0.0011383039271485487,NA
progressive,havent,8,7.588692847656991e-4,NA
progressive,head,8,7.588692847656991e-4,NA
progressive,health,17,0.0016125972301271106,NA
progressive,healthcare,16,0.0015177385695313982,NA
progressive,hear,19,0.0018023145513185355,NA
progressive,heard,5,4.742933029785619e-4,NA
progressive,hearing,10,9.485866059571238e-4,NA
progressive,heart,5,4.742933029785619e-4,NA
progressive,held,5,4.742933029785619e-4,NA
progressive,hell,9,8.537279453614115e-4,NA
progressive,helping,10,9.485866059571238e-4,NA
progressive,helps,7,6.640106241699867e-4,NA
progressive,hen,13,0.0012331625877442611,NA
progressive,heres,6,5.691519635742744e-4,NA
progressive,hes,14,0.0013280212483399733,NA
progressive,hese,12,0.0011383039271485487,NA
progressive,hey,36,0.003414911781445646,NA
progressive,hile,6,5.691519635742744e-4,NA
progressive,hire,5,4.742933029785619e-4,NA
progressive,history,25,0.00237146651489281,NA
progressive,hit,5,4.742933029785619e-4,NA
progressive,hite,13,0.0012331625877442611,NA
progressive,ho,4,3.7943464238284955e-4,NA
progressive,hold,8,7.588692847656991e-4,NA
progressive,holding,6,5.691519635742744e-4,NA
progressive,home,5,4.742933029785619e-4,NA
progressive,homes,7,6.640106241699867e-4,NA
progressive,honest,8,7.588692847656991e-4,NA
progressive,honor,4,3.7943464238284955e-4,NA
progressive,hope,19,0.0018023145513185355,NA
progressive,hose,6,5.691519635742744e-4,NA
progressive,hours,9,8.537279453614115e-4,NA
progressive,house,21,0.00199203187250996,NA
progressive,housing,6,5.691519635742744e-4,NA
progressive,huge,10,9.485866059571238e-4,NA
progressive,human,22,0.0020868905331056726,NA
progressive,humanity,8,7.588692847656991e-4,NA
progressive,hurts,5,4.742933029785619e-4,NA
progressive,hy,17,0.0016125972301271106,NA
progressive,idea,25,0.00237146651489281,NA
progressive,ideal,5,4.742933029785619e-4,NA
progressive,ideals,5,4.742933029785619e-4,NA
progressive,ideas,12,0.0011383039271485487,NA
progressive,iden,38,0.003604629102637071,NA
progressive,identity,7,6.640106241699867e-4,NA
progressive,iew,2,1.8971732119142478e-4,NA
progressive,ignorant,7,6.640106241699867e-4,NA
progressive,ignore,5,4.742933029785619e-4,NA
progressive,ike,9,8.537279453614115e-4,NA
progressive,ill,8,7.588692847656991e-4,NA
progressive,illegal,7,6.640106241699867e-4,NA
progressive,imagine,10,9.485866059571238e-4,NA
progressive,immediately,6,5.691519635742744e-4,NA
progressive,immigrants,6,5.691519635742744e-4,NA
progressive,immigration,6,5.691519635742744e-4,NA
progressive,impact,9,8.537279453614115e-4,NA
progressive,impeached,4,3.7943464238284955e-4,NA
progressive,impeachment,5,4.742933029785619e-4,NA
progressive,importantly,8,7.588692847656991e-4,NA
progressive,improve,11,0.0010434452665528363,NA
progressive,include,6,5.691519635742744e-4,NA
progressive,included,7,6.640106241699867e-4,NA
progressive,including,12,0.0011383039271485487,NA
progressive,income,8,7.588692847656991e-4,NA
progressive,increase,6,5.691519635742744e-4,NA
progressive,individual,9,8.537279453614115e-4,NA
progressive,individuals,9,8.537279453614115e-4,NA
progressive,inequality,6,5.691519635742744e-4,NA
progressive,info,10,9.485866059571238e-4,NA
progressive,information,20,0.0018971732119142477,NA
progressive,innocent,5,4.742933029785619e-4,NA
progressive,inperson,14,0.0013280212483399733,NA
progressive,insurrection,4,3.7943464238284955e-4,NA
progressive,intellectual,5,4.742933029785619e-4,NA
progressive,internet,6,5.691519635742744e-4,NA
progressive,involved,5,4.742933029785619e-4,NA
progressive,iot,5,4.742933029785619e-4,NA
progressive,isnt,17,0.0016125972301271106,NA
progressive,issue,11,0.0010434452665528363,NA
progressive,issues,24,0.0022766078542970974,NA
progressive,itch,8,7.588692847656991e-4,NA
progressive,ith,9,8.537279453614115e-4,NA
progressive,itizens,7,6.640106241699867e-4,NA
progressive,ives,5,4.742933029785619e-4,NA
progressive,job,15,0.0014228799089356858,NA
progressive,jobs,7,6.640106241699867e-4,NA
progressive,join,20,0.0018971732119142477,NA
progressive,judge,9,8.537279453614115e-4,NA
progressive,judges,7,6.640106241699867e-4,NA
progressive,justice,8,7.588692847656991e-4,NA
progressive,justices,7,6.640106241699867e-4,NA
progressive,keeping,4,3.7943464238284955e-4,NA
progressive,kid,11,0.0010434452665528363,NA
progressive,kids,5,4.742933029785619e-4,NA
progressive,killed,7,6.640106241699867e-4,NA
progressive,knee,9,8.537279453614115e-4,NA
progressive,labor,9,8.537279453614115e-4,NA
progressive,lack,26,0.0024663251754885223,NA
progressive,land,13,0.0012331625877442611,NA
progressive,language,5,4.742933029785619e-4,NA
progressive,law,23,0.002181749193701385,NA
progressive,laws,15,0.0014228799089356858,NA
progressive,lawyer,5,4.742933029785619e-4,NA
progressive,lead,6,5.691519635742744e-4,NA
progressive,leader,11,0.0010434452665528363,NA
progressive,leaders,8,7.588692847656991e-4,NA
progressive,leadership,7,6.640106241699867e-4,NA
progressive,learn,15,0.0014228799089356858,NA
progressive,learned,5,4.742933029785619e-4,NA
progressive,learning,6,5.691519635742744e-4,NA
progressive,lease,18,0.001707455890722823,NA
progressive,leave,4,3.7943464238284955e-4,NA
progressive,lection,10,9.485866059571238e-4,NA
progressive,led,10,9.485866059571238e-4,NA
progressive,left,25,0.00237146651489281,NA
progressive,legal,5,4.742933029785619e-4,NA
progressive,legislation,11,0.0010434452665528363,NA
progressive,leisure,6,5.691519635742744e-4,NA
progressive,lens,8,7.588692847656991e-4,NA
progressive,letter,20,0.0018971732119142477,NA
progressive,level,9,8.537279453614115e-4,NA
progressive,levels,5,4.742933029785619e-4,NA
progressive,liberal,9,8.537279453614115e-4,NA
progressive,liberals,6,5.691519635742744e-4,NA
progressive,lies,5,4.742933029785619e-4,NA
progressive,life,15,0.0014228799089356858,NA
progressive,light,5,4.742933029785619e-4,NA
progressive,line,5,4.742933029785619e-4,NA
progressive,lines,5,4.742933029785619e-4,NA
progressive,link,10,9.485866059571238e-4,NA
progressive,links,5,4.742933029785619e-4,NA
progressive,list,16,0.0015177385695313982,NA
progressive,listen,11,0.0010434452665528363,NA
progressive,listening,5,4.742933029785619e-4,NA
progressive,literally,9,8.537279453614115e-4,NA
progressive,live,16,0.0015177385695313982,NA
progressive,lives,13,0.0012331625877442611,NA
progressive,living,12,0.0011383039271485487,NA
progressive,ll,21,0.00199203187250996,NA
progressive,lobbyists,5,4.742933029785619e-4,NA
progressive,local,17,0.0016125972301271106,NA
progressive,location,5,4.742933029785619e-4,NA
progressive,lorida,7,6.640106241699867e-4,NA
progressive,lose,9,8.537279453614115e-4,NA
progressive,lost,7,6.640106241699867e-4,NA
progressive,lot,25,0.00237146651489281,NA
progressive,love,25,0.00237146651489281,NA
progressive,lower,7,6.640106241699867e-4,NA
progressive,loyd,5,4.742933029785619e-4,NA
progressive,lso,11,0.0010434452665528363,NA
progressive,maga,8,7.588692847656991e-4,NA
progressive,mail,14,0.0013280212483399733,NA
progressive,maintain,6,5.691519635742744e-4,NA
progressive,major,10,9.485866059571238e-4,NA
progressive,majority,16,0.0015177385695313982,NA
progressive,makes,14,0.0013280212483399733,NA
progressive,mask,2,1.8971732119142478e-4,NA
progressive,mass,6,5.691519635742744e-4,NA
progressive,matter,21,0.00199203187250996,NA
progressive,mazon,7,6.640106241699867e-4,NA
progressive,means,16,0.0015177385695313982,NA
progressive,media,19,0.0018023145513185355,NA
progressive,medical,5,4.742933029785619e-4,NA
progressive,meet,6,5.691519635742744e-4,NA
progressive,mental,8,7.588692847656991e-4,NA
progressive,mention,8,7.588692847656991e-4,NA
progressive,mentioned,7,6.640106241699867e-4,NA
progressive,merica,40,0.0037943464238284954,NA
progressive,merican,33,0.003130335799658509,NA
progressive,mericans,18,0.001707455890722823,NA
progressive,message,11,0.0010434452665528363,NA
progressive,middle,9,8.537279453614115e-4,NA
progressive,military,12,0.0011383039271485487,NA
progressive,milk,6,5.691519635742744e-4,NA
progressive,million,12,0.0011383039271485487,NA
progressive,mind,31,0.002940618478467084,NA
progressive,minorities,6,5.691519635742744e-4,NA
progressive,minority,6,5.691519635742744e-4,NA
progressive,minutes,11,0.0010434452665528363,NA
progressive,model,5,4.742933029785619e-4,NA
progressive,moderate,6,5.691519635742744e-4,NA
progressive,moment,11,0.0010434452665528363,NA
progressive,money,35,0.0033200531208499337,NA
progressive,months,14,0.0013280212483399733,NA
progressive,moral,5,4.742933029785619e-4,NA
progressive,mouth,5,4.742933029785619e-4,NA
progressive,move,7,6.640106241699867e-4,NA
progressive,movement,14,0.0013280212483399733,NA
progressive,multiple,5,4.742933029785619e-4,NA
progressive,music,6,5.691519635742744e-4,NA
progressive,nation,13,0.0012331625877442611,NA
progressive,national,15,0.0014228799089356858,NA
progressive,nations,7,6.640106241699867e-4,NA
progressive,natural,6,5.691519635742744e-4,NA
progressive,ne,10,9.485866059571238e-4,NA
progressive,negative,4,3.7943464238284955e-4,NA
progressive,neighborhoods,5,4.742933029785619e-4,NA
progressive,news,19,0.0018023145513185355,NA
progressive,nice,6,5.691519635742744e-4,NA
progressive,night,6,5.691519635742744e-4,NA
progressive,nited,19,0.0018023145513185355,NA
progressive,niversal,6,5.691519635742744e-4,NA
progressive,niversity,6,5.691519635742744e-4,NA
progressive,nominee,5,4.742933029785619e-4,NA
progressive,nonpartisan,5,4.742933029785619e-4,NA
progressive,nonprofit,7,6.640106241699867e-4,NA
progressive,normal,12,0.0011383039271485487,NA
progressive,ny,3,2.845759817871372e-4,NA
progressive,oard,3,2.845759817871372e-4,NA
progressive,obvious,5,4.742933029785619e-4,NA
progressive,oday,9,8.537279453614115e-4,NA
progressive,oe,3,2.845759817871372e-4,NA
progressive,oes,8,7.588692847656991e-4,NA
progressive,offer,6,5.691519635742744e-4,NA
progressive,office,18,0.001707455890722823,NA
progressive,officer,7,6.640106241699867e-4,NA
progressive,official,5,4.742933029785619e-4,NA
progressive,officials,7,6.640106241699867e-4,NA
progressive,oil,7,6.640106241699867e-4,NA
progressive,olicy,6,5.691519635742744e-4,NA
progressive,olorado,6,5.691519635742744e-4,NA
progressive,ome,18,0.001707455890722823,NA
progressive,omney,5,4.742933029785619e-4,NA
progressive,onald,8,7.588692847656991e-4,NA
progressive,ongress,21,0.00199203187250996,NA
progressive,online,8,7.588692847656991e-4,NA
progressive,onstitution,5,4.742933029785619e-4,NA
progressive,ont,5,4.742933029785619e-4,NA
progressive,ontclair,5,4.742933029785619e-4,NA
progressive,oogle,60,0.005691519635742743,NA
progressive,opinion,18,0.001707455890722823,NA
progressive,opinionated,5,4.742933029785619e-4,NA
progressive,opinions,9,8.537279453614115e-4,NA
progressive,opportunity,8,7.588692847656991e-4,NA
progressive,option,6,5.691519635742744e-4,NA
progressive,options,15,0.0014228799089356858,NA
progressive,organization,11,0.0010434452665528363,NA
progressive,organizations,11,0.0010434452665528363,NA
progressive,original,5,4.742933029785619e-4,NA
progressive,orth,8,7.588692847656991e-4,NA
progressive,ost,7,6.640106241699867e-4,NA
progressive,ot,13,0.0012331625877442611,NA
progressive,ote,11,0.0010434452665528363,NA
progressive,oter,11,0.0010434452665528363,NA
progressive,oting,6,5.691519635742744e-4,NA
progressive,ou,10,9.485866059571238e-4,NA
progressive,ould,7,6.640106241699867e-4,NA
progressive,oure,5,4.742933029785619e-4,NA
progressive,ourt,19,0.0018023145513185355,NA
progressive,ouse,18,0.001707455890722823,NA
progressive,outh,6,5.691519635742744e-4,NA
progressive,ovember,8,7.588692847656991e-4,NA
progressive,ovid,6,5.691519635742744e-4,NA
progressive,ow,32,0.0030354771390627964,NA
progressive,owever,15,0.0014228799089356858,NA
progressive,ownership,5,4.742933029785619e-4,NA
progressive,ox,6,5.691519635742744e-4,NA
progressive,page,6,5.691519635742744e-4,NA
progressive,paid,14,0.0013280212483399733,NA
progressive,pain,10,9.485866059571238e-4,NA
progressive,pandemic,8,7.588692847656991e-4,NA
progressive,parents,9,8.537279453614115e-4,NA
progressive,parties,12,0.0011383039271485487,NA
progressive,party,30,0.0028457598178713715,NA
progressive,pass,9,8.537279453614115e-4,NA
progressive,past,16,0.0015177385695313982,NA
progressive,path,4,3.7943464238284955e-4,NA
progressive,patient,6,5.691519635742744e-4,NA
progressive,pay,14,0.0013280212483399733,NA
progressive,paying,7,6.640106241699867e-4,NA
progressive,peace,7,6.640106241699867e-4,NA
progressive,peaceful,9,8.537279453614115e-4,NA
progressive,peacefully,7,6.640106241699867e-4,NA
progressive,people,201,0.01906659077973819,NA
progressive,peoples,8,7.588692847656991e-4,NA
progressive,pepper,12,0.0011383039271485487,NA
progressive,person,49,0.004648074369189907,NA
progressive,personal,5,4.742933029785619e-4,NA
progressive,phone,13,0.0012331625877442611,NA
progressive,pick,6,5.691519635742744e-4,NA
progressive,pictures,4,3.7943464238284955e-4,NA
progressive,piece,5,4.742933029785619e-4,NA
progressive,plan,16,0.0015177385695313982,NA
progressive,plans,7,6.640106241699867e-4,NA
progressive,platform,8,7.588692847656991e-4,NA
progressive,played,6,5.691519635742744e-4,NA
progressive,playing,6,5.691519635742744e-4,NA
progressive,pledge,3,2.845759817871372e-4,NA
progressive,pm,9,8.537279453614115e-4,NA
progressive,pmrump,5,4.742933029785619e-4,NA
progressive,podcast,6,5.691519635742744e-4,NA
progressive,police,85,0.008062986150635554,NA
progressive,policies,10,9.485866059571238e-4,NA
progressive,policy,17,0.0016125972301271106,NA
progressive,political,39,0.003699487763232783,NA
progressive,politically,5,4.742933029785619e-4,NA
progressive,politicians,18,0.001707455890722823,NA
progressive,politics,20,0.0018971732119142477,NA
progressive,polling,14,0.0013280212483399733,NA
progressive,polls,10,9.485866059571238e-4,NA
progressive,poor,13,0.0012331625877442611,NA
progressive,popular,5,4.742933029785619e-4,NA
progressive,population,14,0.0013280212483399733,NA
progressive,position,11,0.0010434452665528363,NA
progressive,positions,6,5.691519635742744e-4,NA
progressive,positive,6,5.691519635742744e-4,NA
progressive,post,31,0.002940618478467084,NA
progressive,potential,4,3.7943464238284955e-4,NA
progressive,potentially,5,4.742933029785619e-4,NA
progressive,power,35,0.0033200531208499337,NA
progressive,powerful,13,0.0012331625877442611,NA
progressive,pple,5,4.742933029785619e-4,NA
progressive,practice,5,4.742933029785619e-4,NA
progressive,president,25,0.00237146651489281,NA
progressive,press,4,3.7943464238284955e-4,NA
progressive,pressure,8,7.588692847656991e-4,NA
progressive,prevent,5,4.742933029785619e-4,NA
progressive,price,3,2.845759817871372e-4,NA
progressive,pril,5,4.742933029785619e-4,NA
progressive,primaries,3,2.845759817871372e-4,NA
progressive,primary,5,4.742933029785619e-4,NA
progressive,principle,5,4.742933029785619e-4,NA
progressive,print,5,4.742933029785619e-4,NA
progressive,private,13,0.0012331625877442611,NA
progressive,privilege,25,0.00237146651489281,NA
progressive,process,7,6.640106241699867e-4,NA
progressive,programs,8,7.588692847656991e-4,NA
progressive,progress,8,7.588692847656991e-4,NA
progressive,progressive,72,0.006829823562891292,NA
progressive,progressives,20,0.0018971732119142477,NA
progressive,progressivism,7,6.640106241699867e-4,NA
progressive,promote,5,4.742933029785619e-4,NA
progressive,propaganda,9,8.537279453614115e-4,NA
progressive,property,7,6.640106241699867e-4,NA
progressive,protect,6,5.691519635742744e-4,NA
progressive,protest,6,5.691519635742744e-4,NA
progressive,protesters,7,6.640106241699867e-4,NA
progressive,protests,12,0.0011383039271485487,NA
progressive,provide,6,5.691519635742744e-4,NA
progressive,provided,4,3.7943464238284955e-4,NA
progressive,ption,6,5.691519635742744e-4,NA
progressive,public,36,0.003414911781445646,NA
progressive,push,15,0.0014228799089356858,NA
progressive,quality,3,2.845759817871372e-4,NA
progressive,question,13,0.0012331625877442611,NA
progressive,questions,7,6.640106241699867e-4,NA
progressive,quick,4,3.7943464238284955e-4,NA
progressive,quote,6,5.691519635742744e-4,NA
progressive,race,21,0.00199203187250996,NA
progressive,races,5,4.742933029785619e-4,NA
progressive,racial,11,0.0010434452665528363,NA
progressive,racism,13,0.0012331625877442611,NA
progressive,racist,16,0.0015177385695313982,NA
progressive,rally,3,2.845759817871372e-4,NA
progressive,random,6,5.691519635742744e-4,NA
progressive,rate,6,5.691519635742744e-4,NA
progressive,rates,5,4.742933029785619e-4,NA
progressive,ratings,1,9.485866059571239e-5,NA
progressive,read,18,0.001707455890722823,NA
progressive,reading,6,5.691519635742744e-4,NA
progressive,real,22,0.0020868905331056726,NA
progressive,reality,15,0.0014228799089356858,NA
progressive,realize,10,9.485866059571238e-4,NA
progressive,reason,8,7.588692847656991e-4,NA
progressive,reasonable,7,6.640106241699867e-4,NA
progressive,receive,6,5.691519635742744e-4,NA
progressive,received,5,4.742933029785619e-4,NA
progressive,recent,8,7.588692847656991e-4,NA
progressive,recently,6,5.691519635742744e-4,NA
progressive,recommend,8,7.588692847656991e-4,NA
progressive,red,16,0.0015177385695313982,NA
progressive,reform,8,7.588692847656991e-4,NA
progressive,refuse,5,4.742933029785619e-4,NA
progressive,regime,5,4.742933029785619e-4,NA
progressive,register,15,0.0014228799089356858,NA
progressive,registration,9,8.537279453614115e-4,NA
progressive,regulations,5,4.742933029785619e-4,NA
progressive,religious,5,4.742933029785619e-4,NA
progressive,removed,5,4.742933029785619e-4,NA
progressive,report,6,5.691519635742744e-4,NA
progressive,reports,6,5.691519635742744e-4,NA
progressive,republicans,6,5.691519635742744e-4,NA
progressive,request,5,4.742933029785619e-4,NA
progressive,requires,9,8.537279453614115e-4,NA
progressive,research,10,9.485866059571238e-4,NA
progressive,resident,7,6.640106241699867e-4,NA
progressive,resources,12,0.0011383039271485487,NA
progressive,respect,5,4.742933029785619e-4,NA
progressive,response,6,5.691519635742744e-4,NA
progressive,responsibility,7,6.640106241699867e-4,NA
progressive,rest,6,5.691519635742744e-4,NA
progressive,results,17,0.0016125972301271106,NA
progressive,revenue,5,4.742933029785619e-4,NA
progressive,rich,13,0.0012331625877442611,NA
progressive,rights,15,0.0014228799089356858,NA
progressive,riminal,5,4.742933029785619e-4,NA
progressive,riots,6,5.691519635742744e-4,NA
progressive,risk,7,6.640106241699867e-4,NA
progressive,rogressive,7,6.640106241699867e-4,NA
progressive,rogressives,10,9.485866059571238e-4,NA
progressive,roject,6,5.691519635742744e-4,NA
progressive,role,10,9.485866059571238e-4,NA
progressive,rom,5,4.742933029785619e-4,NA
progressive,rule,5,4.742933029785619e-4,NA
progressive,ruled,4,3.7943464238284955e-4,NA
progressive,rules,11,0.0010434452665528363,NA
progressive,rump,94,0.008916714095996965,NA
progressive,rumps,9,8.537279453614115e-4,NA
progressive,run,13,0.0012331625877442611,NA
progressive,running,12,0.0011383039271485487,NA
progressive,rwell,5,4.742933029785619e-4,NA
progressive,safe,12,0.0011383039271485487,NA
progressive,safety,5,4.742933029785619e-4,NA
progressive,scenario,5,4.742933029785619e-4,NA
progressive,school,19,0.0018023145513185355,NA
progressive,schools,6,5.691519635742744e-4,NA
progressive,seat,5,4.742933029785619e-4,NA
progressive,seats,7,6.640106241699867e-4,NA
progressive,select,6,5.691519635742744e-4,NA
progressive,selfish,5,4.742933029785619e-4,NA
progressive,sell,6,5.691519635742744e-4,NA
progressive,senate,10,9.485866059571238e-4,NA
progressive,senators,6,5.691519635742744e-4,NA
progressive,send,8,7.588692847656991e-4,NA
progressive,sending,4,3.7943464238284955e-4,NA
progressive,sense,10,9.485866059571238e-4,NA
progressive,separate,4,3.7943464238284955e-4,NA
progressive,server,13,0.0012331625877442611,NA
progressive,service,3,2.845759817871372e-4,NA
progressive,set,9,8.537279453614115e-4,NA
progressive,sex,8,7.588692847656991e-4,NA
progressive,share,20,0.0018971732119142477,NA
progressive,shared,5,4.742933029785619e-4,NA
progressive,shift,4,3.7943464238284955e-4,NA
progressive,shit,11,0.0010434452665528363,NA
progressive,shot,6,5.691519635742744e-4,NA
progressive,shown,5,4.742933029785619e-4,NA
progressive,significant,8,7.588692847656991e-4,NA
progressive,significantly,5,4.742933029785619e-4,NA
progressive,signing,7,6.640106241699867e-4,NA
progressive,similar,9,8.537279453614115e-4,NA
progressive,simple,6,5.691519635742744e-4,NA
progressive,simply,16,0.0015177385695313982,NA
progressive,single,10,9.485866059571238e-4,NA
progressive,sit,7,6.640106241699867e-4,NA
progressive,sites,4,3.7943464238284955e-4,NA
progressive,sitting,6,5.691519635742744e-4,NA
progressive,situation,6,5.691519635742744e-4,NA
progressive,skin,12,0.0011383039271485487,NA
progressive,social,29,0.002750901157275659,NA
progressive,socialism,4,3.7943464238284955e-4,NA
progressive,society,13,0.0012331625877442611,NA
progressive,soldiers,5,4.742933029785619e-4,NA
progressive,solid,4,3.7943464238284955e-4,NA
progressive,solution,7,6.640106241699867e-4,NA
progressive,solve,5,4.742933029785619e-4,NA
progressive,sortition,19,0.0018023145513185355,NA
progressive,sources,12,0.0011383039271485487,NA
progressive,specific,5,4.742933029785619e-4,NA
progressive,specifically,5,4.742933029785619e-4,NA
progressive,speech,12,0.0011383039271485487,NA
progressive,spend,5,4.742933029785619e-4,NA
progressive,spin,5,4.742933029785619e-4,NA
progressive,split,5,4.742933029785619e-4,NA
progressive,spray,14,0.0013280212483399733,NA
progressive,spread,11,0.0010434452665528363,NA
progressive,ssoff,5,4.742933029785619e-4,NA
progressive,staff,10,9.485866059571238e-4,NA
progressive,stand,9,8.537279453614115e-4,NA
progressive,standard,7,6.640106241699867e-4,NA
progressive,stands,7,6.640106241699867e-4,NA
progressive,start,23,0.002181749193701385,NA
progressive,started,10,9.485866059571238e-4,NA
progressive,starting,4,3.7943464238284955e-4,NA
progressive,statehood,7,6.640106241699867e-4,NA
progressive,status,25,0.00237146651489281,NA
progressive,stay,8,7.588692847656991e-4,NA
progressive,step,7,6.640106241699867e-4,NA
progressive,stop,13,0.0012331625877442611,NA
progressive,story,7,6.640106241699867e-4,NA
progressive,streets,9,8.537279453614115e-4,NA
progressive,strength,5,4.742933029785619e-4,NA
progressive,students,11,0.0010434452665528363,NA
progressive,study,6,5.691519635742744e-4,NA
progressive,stupid,6,5.691519635742744e-4,NA
progressive,subreddits,5,4.742933029785619e-4,NA
progressive,suggest,7,6.640106241699867e-4,NA
progressive,suggested,5,4.742933029785619e-4,NA
progressive,support,38,0.003604629102637071,NA
progressive,supported,4,3.7943464238284955e-4,NA
progressive,supporters,11,0.0010434452665528363,NA
progressive,supports,7,6.640106241699867e-4,NA
progressive,supposed,6,5.691519635742744e-4,NA
progressive,supreme,6,5.691519635742744e-4,NA
progressive,survey,10,9.485866059571238e-4,NA
progressive,sustainable,5,4.742933029785619e-4,NA
progressive,system,25,0.00237146651489281,NA
progressive,takes,13,0.0012331625877442611,NA
progressive,taking,20,0.0018971732119142477,NA
progressive,talk,13,0.0012331625877442611,NA
progressive,talking,13,0.0012331625877442611,NA
progressive,talks,5,4.742933029785619e-4,NA
progressive,tates,18,0.001707455890722823,NA
progressive,tax,32,0.0030354771390627964,NA
progressive,taxes,21,0.00199203187250996,NA
progressive,teacher,5,4.742933029785619e-4,NA
progressive,teachers,5,4.742933029785619e-4,NA
progressive,tear,20,0.0018971732119142477,NA
progressive,telling,12,0.0011383039271485487,NA
progressive,term,8,7.588692847656991e-4,NA
progressive,terms,5,4.742933029785619e-4,NA
progressive,text,7,6.640106241699867e-4,NA
progressive,theyll,5,4.742933029785619e-4,NA
progressive,theyre,19,0.0018023145513185355,NA
progressive,theyve,6,5.691519635742744e-4,NA
progressive,thinking,11,0.0010434452665528363,NA
progressive,time,74,0.007019540884082717,NA
progressive,times,14,0.0013280212483399733,NA
progressive,told,13,0.0012331625877442611,NA
progressive,tomorrow,5,4.742933029785619e-4,NA
progressive,tool,8,7.588692847656991e-4,NA
progressive,top,15,0.0014228799089356858,NA
progressive,topic,5,4.742933029785619e-4,NA
progressive,total,8,7.588692847656991e-4,NA
progressive,totally,4,3.7943464238284955e-4,NA
progressive,track,9,8.537279453614115e-4,NA
progressive,transgender,7,6.640106241699867e-4,NA
progressive,treat,7,6.640106241699867e-4,NA
progressive,treated,5,4.742933029785619e-4,NA
progressive,treatment,15,0.0014228799089356858,NA
progressive,troops,6,5.691519635742744e-4,NA
progressive,true,17,0.0016125972301271106,NA
progressive,trump,27,0.0025611838360842347,NA
progressive,trust,5,4.742933029785619e-4,NA
progressive,truth,9,8.537279453614115e-4,NA
progressive,ts,46,0.00436349838740277,NA
progressive,turnout,5,4.742933029785619e-4,NA
progressive,type,5,4.742933029785619e-4,NA
progressive,ublic,4,3.7943464238284955e-4,NA
progressive,uerto,5,4.742933029785619e-4,NA
progressive,unconstitutional,5,4.742933029785619e-4,NA
progressive,understand,23,0.002181749193701385,NA
progressive,understanding,5,4.742933029785619e-4,NA
progressive,une,4,3.7943464238284955e-4,NA
progressive,union,4,3.7943464238284955e-4,NA
progressive,unique,5,4.742933029785619e-4,NA
progressive,universal,5,4.742933029785619e-4,NA
progressive,upcoming,5,4.742933029785619e-4,NA
progressive,upreme,13,0.0012331625877442611,NA
progressive,ur,9,8.537279453614115e-4,NA
progressive,uslim,7,6.640106241699867e-4,NA
progressive,ust,13,0.0012331625877442611,NA
progressive,ustice,8,7.588692847656991e-4,NA
progressive,ut,48,0.004553215708594195,NA
progressive,values,6,5.691519635742744e-4,NA
progressive,ve,40,0.0037943464238284954,NA
progressive,ven,6,5.691519635742744e-4,NA
progressive,ver,4,3.7943464238284955e-4,NA
progressive,veryone,5,4.742933029785619e-4,NA
progressive,video,9,8.537279453614115e-4,NA
progressive,videos,4,3.7943464238284955e-4,NA
progressive,view,6,5.691519635742744e-4,NA
progressive,views,16,0.0015177385695313982,NA
progressive,violence,15,0.0014228799089356858,NA
progressive,violent,8,7.588692847656991e-4,NA
progressive,virus,6,5.691519635742744e-4,NA
progressive,volunteer,7,6.640106241699867e-4,NA
progressive,vote,73,0.006924682223487005,NA
progressive,voted,10,9.485866059571238e-4,NA
progressive,voter,39,0.003699487763232783,NA
progressive,voters,25,0.00237146651489281,NA
progressive,votes,10,9.485866059571238e-4,NA
progressive,voting,32,0.0030354771390627964,NA
progressive,wage,9,8.537279453614115e-4,NA
progressive,wait,8,7.588692847656991e-4,NA
progressive,war,11,0.0010434452665528363,NA
progressive,wasnt,5,4.742933029785619e-4,NA
progressive,watch,9,8.537279453614115e-4,NA
progressive,watching,4,3.7943464238284955e-4,NA
progressive,water,15,0.0014228799089356858,NA
progressive,wealth,9,8.537279453614115e-4,NA
progressive,wealthy,5,4.742933029785619e-4,NA
progressive,wear,3,2.845759817871372e-4,NA
progressive,week,6,5.691519635742744e-4,NA
progressive,whats,7,6.640106241699867e-4,NA
progressive,white,40,0.0037943464238284954,NA
progressive,whites,16,0.0015177385695313982,NA
progressive,win,20,0.0018971732119142477,NA
progressive,wins,3,2.845759817871372e-4,NA
progressive,witter,5,4.742933029785619e-4,NA
progressive,woman,7,6.640106241699867e-4,NA
progressive,women,7,6.640106241699867e-4,NA
progressive,won,51,0.004837791690381332,NA
progressive,wondering,9,8.537279453614115e-4,NA
progressive,words,7,6.640106241699867e-4,NA
progressive,worker,5,4.742933029785619e-4,NA
progressive,workers,7,6.640106241699867e-4,NA
progressive,world,28,0.0026560424966799467,NA
progressive,worse,7,6.640106241699867e-4,NA
progressive,worst,11,0.0010434452665528363,NA
progressive,worth,7,6.640106241699867e-4,NA
progressive,wouldnt,14,0.0013280212483399733,NA
progressive,write,11,0.0010434452665528363,NA
progressive,writing,10,9.485866059571238e-4,NA
progressive,wrong,14,0.0013280212483399733,NA
progressive,yall,5,4.742933029785619e-4,NA
progressive,youre,21,0.00199203187250996,NA
progressive,youve,5,4.742933029785619e-4,NA
